{"cameraMode":{"drawMode":0,"name":"Shaded","section":"Shading Mode"},"sceneLighting":true,"audioPlay":false,"sceneViewState":{"showFog":true,"showMaterialUpdate":false,"showSkybox":true,"showFlares":true,"showImageEffects":true,"showParticleSystems":true},"in2DMode":false,"pivot":{"x":26.380144119262697,"y":2.9914426803588869,"z":-12.230484008789063},"rotation":{"x":0.050353482365608218,"y":0.02996188774704933,"z":-0.0015119006857275963,"w":0.9982808232307434},"size":4.363441467285156,"orthographic":false}