{"cameraMode":{"drawMode":0,"name":"Shaded","section":"Shading Mode"},"sceneLighting":true,"audioPlay":false,"sceneViewState":{"showFog":true,"showMaterialUpdate":false,"showSkybox":true,"showFlares":true,"showImageEffects":true,"showParticleSystems":true},"in2DMode":false,"pivot":{"x":0.2792712450027466,"y":4.885537147521973,"z":-4.35329532623291},"rotation":{"x":0.01946384645998478,"y":0.05995304882526398,"z":-0.001168259303085506,"w":0.9980107545852661},"size":15.329751014709473,"orthographic":false}