{"cameraMode":{"drawMode":0,"name":"Shaded","section":"Shading Mode"},"sceneLighting":true,"audioPlay":false,"sceneViewState":{"showFog":true,"showMaterialUpdate":false,"showSkybox":true,"showFlares":true,"showImageEffects":true,"showParticleSystems":true},"in2DMode":false,"pivot":{"x":150.87684631347657,"y":51.9171142578125,"z":4.3867340087890629},"rotation":{"x":0.058407604694366458,"y":0.04490827023983002,"z":-0.002629172522574663,"w":0.9972787499427795},"size":15.797492027282715,"orthographic":false}