{"cameraMode":{"drawMode":0,"name":"Shaded","section":"Shading Mode"},"sceneLighting":true,"audioPlay":false,"sceneViewState":{"showFog":true,"showMaterialUpdate":false,"showSkybox":true,"showFlares":true,"showImageEffects":true,"showParticleSystems":true},"in2DMode":false,"pivot":{"x":28.030017852783204,"y":1.109501838684082,"z":-7.518266677856445},"rotation":{"x":-0.21351279318332673,"y":-0.24799679219722749,"z":0.056132636964321139,"w":-0.9432704448699951},"size":4.496089935302734,"orthographic":false}